{
    "name": "rubia",
    "version": "0.69.65",
    "title": "Planet Rubia",
    "author": "Loup&Snoop, 2025",
    "factorio_version": "2.0",
    "dependencies": ["base >= 2.0.55",
        "space-age >= 2.0.55",
        "PlanetsLib >= 1.4.1",
        "rubia-assets >= 0.69.11",
        "RocketCargoInsertion >= 1.1.0"
    ],
    "space_travel_required": true,
    "description": "Discover the wind planet Rubia. Belts and inserters work differently on Rubia, leading to unique building challenges not seen on any other planet. Your whole factory must go with the wind as a never-ending barrage of waste is hurled at your base.",
    "homepage": "https://discord.gg/CaDJzEj557",
    "package":{
        "ignore":[ "**/*.mp3", "**/*.xcf", ".vscode/*", "deprecated/*"]
    }
}
